"得意先コード","得意先名略称","郵便番号","住所１","住所２","住所３","電話番号","FAX番号","締日","入金日","入金サイクル","入金条件","作成日時","作成者","更新日時","更新者"
"292","ホソカワミクロン化粧品(DAIWA)","","","","","","","0","0","","","2022/07/09 21:20","k.susa","2022/07/09 21:20","k.susa"
"291","DAIWA","541-0081","大阪府大阪市中央区南船場1-11-9","","","06-6260-4655","06-6260-4691","30","30","翌月","振込","2022/07/09 21:20","k.susa","2022/07/09 21:20","k.susa"
"290","エコスマート","110-0015","東京都台東区東上野3-3-3","プラチナビルB1階","","03-6895-7775","03-6895-7776","30","30","翌月","振込","2022/06/17 13:23","k.susa","2022/06/17 13:23","k.susa"
"289","エーザイ","112-8088","東京都文京区小石川4-6-10","","","03-3817-3700","","30","30","翌月","振込","2022/06/17 13:23","k.susa","2022/06/17 13:23","k.susa"
"287","森永乳業（T&J Marketing）","","","","","","","0","0","","","2022/06/08 21:14","k.susa","2022/06/08 21:14","k.susa"
"288","やまちや","600-8177","京都府京都市下京区烏丸通五条下ル大坂町400","三善ビル6階","","075-353-8088","075-353-8111","30","30","翌月","振込","2022/06/07 19:15","k.susa","2022/06/07 19:15","k.susa"
"285","富士産業","763-8603","香川県丸亀市田村町1301","","","0877-25-3111","","30","30","翌月","振込","2022/06/01 14:48","k.susa","2022/06/01 14:48","k.susa"
"910","大阪支社（粗利シェア）","","","","","","","30","30","翌月","振込","2022/05/31 20:01","k.susa","2022/05/31 20:01","k.susa"
"909","福岡支社（粗利シェア）","","","","","","","30","30","翌月","振込","2022/05/31 20:01","k.susa","2022/05/31 20:01","k.susa"
"908","ｵﾌﾗｲﾝ・ﾒﾃﾞｨｱ（粗利シェア）","","","","","","","30","30","翌月","振込","2022/05/31 20:01","k.susa","2022/05/31 20:01","k.susa"
"907","プロデュース部（粗利シェア）","","","","","","","30","30","翌月","振込","2022/05/31 20:01","k.susa","2022/05/31 20:01","k.susa"
"906","ｱﾗｲｱﾝｽ・ﾒﾃﾞｨｱ（粗利シェア）","","","","","","","30","30","翌月","振込","2022/05/31 20:01","k.susa","2022/05/31 20:01","k.susa"
"284","ベータ食品","531-0076","大阪府大阪市北区大淀中1丁目16番10号","高石ビル5階","","06-6345-6222","06-6345-6223","30","30","翌月","振込","2022/05/31 18:46","k.susa","2022/05/31 18:46","k.susa"
"283","日健協サービス","369-0134","埼玉県鴻巣市三町免12","","","048-580-6108","","30","30","翌月","振込","2022/05/28 19:30","k.susa","2022/05/28 19:30","k.susa"
"282","pupu","810-0011","福岡県福岡市中央区高砂1-11-1","","","092-753-6635","","30","30","翌月","振込","2022/05/28 19:30","k.susa","2022/05/28 19:30","k.susa"
"281","健幸わかば","680-0007","鳥取県鳥取市湯所町2丁目233番地2","","","0857-36-8288","0857-36-8285","30","30","翌月","振込","2022/05/28 19:30","k.susa","2022/05/28 19:30","k.susa"
"280","富士ﾌｨﾙﾑﾍﾙｽｹｱﾗﾎﾞﾗﾄﾘｰ（新東通信）","","","","","","","0","0","","","2022/05/28 19:30","k.susa","2022/05/28 19:30","k.susa"
"279","新東通信","104-0061","東京都中央区銀座4丁目2番15号","塚本巣山ビル4階","","03-3538-8011","03-3538-7757","30","30","翌月","振込","2022/05/28 19:30","k.susa","2022/05/28 19:30","k.susa"
"278","東急モールズデベロップメント","194-8589","東京都町田市鶴間3-4-1","グランベリーパーク3F マネージメントオフィス","","042-850-7481","","30","30","翌月","振込","2022/05/28 19:30","k.susa","2022/05/28 19:30","k.susa"
"277","メビウス製薬","107-0052","東京都港区赤坂2-5-1","S-GATE赤坂山王6F","","03-6804-2595","03-6804-2003","30","30","翌月","振込","2022/05/28 19:30","k.susa","2022/05/28 19:30","k.susa"
"276","リフレ","362-8688","埼玉県上尾市宮本町4-2","","","048-774-4011","048-774-0854","30","30","翌月","振込","2022/05/28 19:30","k.susa","2022/05/28 19:30","k.susa"
"275","翠会計コンサルティング","812-0038","福岡県福岡市博多区祇園町6-43","ギオン柴田ビル3F","","092-409-9412","092-409-9413","30","30","翌月","振込","2022/05/20 19:30","k.susa","2022/05/20 19:30","k.susa"
"274","エポラ（広明通信社）","","","","","","","0","0","","","2022/05/11 21:39","k.susa","2022/05/11 21:39","k.susa"
"273","広明通信社","101-0042","東京都千代田区神田東松下町45-1","神田金子ビル","","03-3252-0821","03-3252-3237","30","30","翌月","振込","2022/05/11 21:39","k.susa","2022/05/11 21:39","k.susa"
"272","ソーシャルテック","160-0023","東京都新宿区西新宿7-7-30","小田急西新宿O-PLACE 5階","","03-5338-5661","03-5338-5662","30","30","翌月","振込","2022/05/11 21:39","k.susa","2022/05/11 21:39","k.susa"
"271","イワタ","604-8182","京都市中京区境町通姉小路下ル大阪材木町701-2","","","075-211-8321","075-211-7537","20","30","翌月","振込","2022/05/09 20:11","k.susa","2022/05/09 20:11","k.susa"
"270","ピュール","819-1111","福岡県糸島市泊723-1","","","092-321-3700","092-321-3322","30","30","翌月","振込","2022/05/06 18:45","k.susa","2022/05/06 18:45","k.susa"
"269","九州自然館","815-8601","福岡県福岡市南区那の川1-6-14","","","092-533-2440","092-533-2441","30","30","翌月","振込","2022/04/20 20:36","k.susa","2022/04/20 20:36","k.susa"
"268","エムズサイエンス（ﾌﾟﾘﾝﾄﾊﾟｯｸ）","","","","","","","0","0","","","2022/04/13 21:14","k.susa","2022/04/13 21:14","k.susa"
"267","プリントパック","617-0003","京都府向日市森本町野田3-1","","","0120-977-920","075-935-6890","30","30","翌月","振込","2022/04/13 21:14","k.susa","2022/04/13 21:14","k.susa"
"266","JMD","104-0061","東京都中央区銀座3-14-13","第一厚生館ビル5F","","090-7581-3636","","30","30","翌月","振込","2022/04/12 22:40","k.susa","2022/04/13 21:14","k.susa"
"265","やまがたアルカディア編集","993-0007","山形県長井市本町2-2-14 C棟","","","0238-88-7282","","30","30","翌月","振込","2022/03/25 21:41","k.susa","2022/04/12 22:40","k.susa"
"264","ダイドードリンコ（電通東日本）","","","","","","","0","0","","","2022/03/25 21:41","k.susa","2022/04/12 22:40","k.susa"
"263","電通東日本","105-0004","東京都港区新橋4-21-3","新橋東急ビル","","03-5402-9555","","30","30","翌月","振込","2022/03/25 21:41","k.susa","2022/04/12 22:40","k.susa"
"262","バイオ・サプリ","158-0085","東京都世田谷区玉川田園調布2-5-6","東光ビル1F","","03-3722-7489","03-3722-7484","30","30","翌月","振込","2022/03/25 21:41","k.susa","2022/04/12 22:40","k.susa"
"261","Toook","812-0013","福岡県福岡市博多区博多駅東2-5-28","博多偕成ビル2F","","092-471-8606","","30","30","翌月","振込","2022/03/25 21:41","k.susa","2022/04/12 22:40","k.susa"
"260","ブレーンコスモス","810-0004","福岡県福岡市中央区渡辺通2-4-8","小学館ビル９F","","092-752-1170","","30","30","翌月","振込","2022/03/25 21:41","k.susa","2022/04/12 22:40","k.susa"
"259","ドウシシャ","542-8525","大阪府大阪市中央区東心斎橋1-5-5","","","06-6121-5888","","30","30","2ヶ月後","振込","2022/03/16 13:45","k.susa","2022/04/12 22:40","k.susa"
"258","サンクスキッチン（ｽﾏｰﾄﾘﾝｸ）","","","","","","","0","0","","","2022/03/16 13:45","k.susa","2022/07/14 14:54","k.susa"
"257","スマートリンク","","","","","","","30","30","翌月","振込","2022/03/16 13:45","k.susa","2022/07/14 14:54","k.susa"
"256","DINOS CORPORATION","164-0012","東京都中野区本町2丁目46番2号","","","03-6743-1119","03-6743-1126","30","30","翌月","振込","2022/03/08 20:06","k.susa","2022/04/12 22:40","k.susa"
"255","プルチャーム","153-0042","東京都目黒区青葉台二丁目3-1","小杉ビル青葉台4階","","03-6455-2311","03-6455-2312","30","30","翌月","振込","2022/03/07 15:17","k.susa","2022/04/12 22:40","k.susa"
"254","河野メリクロン","779-3604","徳島県美馬市大字北庄562番地1","","","0883-52-2189","0883-53-9276","30","25","翌月","振込","2022/03/01 14:12","k.susa","2022/04/12 22:40","k.susa"
"253","ドクタープログラム（アド印刷）","","","","","","","0","0","","","2022/03/01 14:12","k.susa","2022/04/12 22:40","k.susa"
"252","アド印刷株式会社","107-0052","東京都港区赤坂1丁目4番1号","赤坂KSビル3階","","03-5575-3280","03-5575-3288","30","30","翌月","振込","2022/03/01 14:12","k.susa","2022/04/12 22:40","k.susa"
"251","美元","153-0061","東京都目黒区中目黒1-1-26-225","","","0120-239-923","03-5843-2889","30","30","翌月","振込","2022/03/01 14:12","k.susa","2022/04/12 22:40","k.susa"
"250","メニコン（大広 名古屋支社）","","","","","","","0","0","","","2022/03/01 14:12","k.susa","2022/04/12 22:40","k.susa"
"249","大広（名古屋支社）","460-0008","愛知県名古屋市中区栄3-3-21","セントライズ栄10F","","052-770-8111","","20","20","翌月","振込","2022/03/01 14:12","k.susa","2022/04/12 22:40","k.susa"
"248","ほけんのぜんぶ","171-0014","東京都豊島区池袋2-40-13","池袋デュープレックスビズ7F","","03-6907-9070","03-5954-1940","30","30","翌月","振込","2022/02/17 12:43","k.susa","2022/04/12 22:40","k.susa"
"247","スピーディア（JMD）","","","","","","","0","0","","","2022/02/17 12:43","k.susa","2022/04/12 22:40","k.susa"
"246","ファミリーヘルスケア（JMD）","","","","","","","0","0","","","2022/02/17 12:43","k.susa","2022/04/12 22:40","k.susa"
"245","上別府ｺﾐｭﾆﾃｨﾌｧｰﾏｼｰ（JMD）","","","","","","","0","0","","","2022/02/17 12:43","k.susa","2022/04/12 22:40","k.susa"
"244","イエロードクタージャパン（JMD）","","","","","","","0","0","","","2022/02/17 12:43","k.susa","2022/04/12 22:40","k.susa"
"243","シェアトレード（JMD）","","","","","","","0","0","","","2022/02/17 12:43","k.susa","2022/04/12 22:40","k.susa"
"242","DMC","154-0024","東京都世田谷区三軒茶屋１丁目8-21","","","090-7581-3636","","30","30","翌月","振込","2022/02/17 12:43","k.susa","2022/02/17 12:43","k.susa"
"241","みなとホールディングス","651-0085","兵庫県神戸市中央区八幡通３丁目2番5号","IN東洋ビル3F","","078-222-3710","078-222-3740","30","30","翌月","振込","2022/02/08 20:59","k.susa","2022/02/08 20:59","k.susa"
"240","自然食研（リプライオリティ）","","","","","","","0","0","","","2022/02/08 20:59","k.susa","2022/02/08 20:59","k.susa"
"239","三松堂","101-0065","東京都千代田区神田3-2-1","住友不動産千代田ファーストビル南館14階","","03-6823-5365","03-5210-9181","30","30","翌月","振込","2022/01/26 17:59","k.susa","2022/01/26 17:59","k.susa"
"238","日本財団（博報堂）","","","","","","","0","0","","","2022/01/24 22:45","k.susa","2022/01/24 22:45","k.susa"
"237","NTTデータ（博報堂ﾌﾟﾛﾀﾞｸﾂ）","","","","","","","0","0","","","2022/01/24 22:45","k.susa","2022/01/24 22:45","k.susa"
"905","ネタ得意先（大阪）","","","","","","","30","30","翌月","振込","2022/01/21 20:34","k.susa","2022/01/21 20:34","k.susa"
"236","ナフィアス","386-8567","長野県上田市常田3-15-1","信州大学繊維学部内Fii施設4F","","03-6893-0862","","30","10","2ヶ月後","振込","2022/01/21 20:27","k.susa","2022/06/01 18:51","k.susa"
"235","よつばベース","810-0001","福岡県福岡市中央区天神5-5-19","8階B館","","092-687-5011","","30","30","翌月","振込","2022/01/21 20:27","k.susa","2022/01/21 20:27","k.susa"
"234","アイリスオーヤマ","981-1596","宮城県角田市小坂上小坂1番","","","","","20","30","翌月","振込","2022/01/18 21:02","k.susa","2022/01/18 21:02","k.susa"
"233","アクサ生命（サンエープリント）","","","","","","","0","0","","","2022/01/14 18:41","k.susa","2022/01/14 18:41","k.susa"
"232","サンエープリント","116-0003","東京都荒川区南千住3-10-17","","","03-3805-8611","03-5604-2676","30","5","2ヶ月後","振込","2022/01/14 18:41","k.susa","2022/01/14 18:41","k.susa"
"231","レフティ","160-0022","東京都新宿区1-13-11","シブヤビルB1","","03-3225-7070","03-3225-7070","30","30","翌月","振込","2022/01/14 18:41","k.susa","2022/01/14 18:41","k.susa"
"230","T&J Marketing","150-0013","東京都渋谷区恵比寿1-29-15-1203","","","03-6455-7025","03-6455-7026","30","30","翌月","振込","2022/01/14 18:41","k.susa","2022/01/14 18:41","k.susa"
"228","ライスビギン","762-0044","香川県坂出市本町3-6-12","","","0877-35-7810","0877-35-7811","30","30","翌月","振込","2021/12/22 14:19","k.susa","2022/01/14 18:41","k.susa"
"227","NKホールディングス","107-0052","東京都港区赤坂7-10-6-7F","","","03-5575-3658","","30","30","2ヶ月後","振込","2021/12/22 14:19","k.susa","2022/01/14 18:41","k.susa"
"226","プラス少額短期保険","160-0022","東京都新宿区新宿5-17-18","H＆Iビル","","03-5287-1070","","30","30","翌月","振込","2021/12/17 17:50","k.susa","2021/12/17 17:50","k.susa"
"225","JIMOS","163-0220","東京都新宿区西新宿2-6-1","新宿住友ビル20F","","03-6732-1283","03-6732-1290","30","30","翌月","振込","2021/12/17 17:50","k.susa","2021/12/17 17:50","k.susa"
"224","鈴木ハーブ研究所","319-1112","茨城県那珂郡東海村大字村松2461","","","0292-82-4700","","30","30","翌月","振込","2021/12/17 17:50","k.susa","2021/12/17 17:50","k.susa"
"223","Embrace","107-0052","東京都港区赤坂8-7-15","アンフィニ赤坂002","","03-6438-9953","03-6438-9957","30","30","翌月","振込","2021/12/17 17:50","k.susa","2021/12/17 17:50","k.susa"
"222","長寿乃里","220-0012","神奈川県横浜市西区みなとみらい3-6-3","MMパークビル12F","","045-640-3594","","30","30","翌月","振込","2021/12/17 17:50","k.susa","2021/12/17 17:50","k.susa"
"221","エンジン","110-0015","東京都台東区東上野3-18-7","上野駅前ビル3","","03-5826-8045","03-5826-8046","30","30","翌月","振込","2021/12/17 17:50","k.susa","2021/12/17 17:50","k.susa"
"220","井藤漢方製薬","577-0012","大阪府東大阪市長田東2-4-1","","","06-6748-9018","06-6748-9028","30","30","翌月","振込","2021/12/16 19:13","k.susa","2021/12/16 19:13","k.susa"
"210","はくすい","814-0123","福岡県福岡市城南区長尾1-17-7","","","092-871-7077","092-834-8877","30","30","翌月","振込","2021/12/10 15:28","k.susa","2021/12/10 15:28","k.susa"
"219","森下仁丹（doma）","542-0081","大阪府大阪市中央区南船場1丁目11番9号","長堀安田ビル5F","","06-6260-4670","06-6260-4671","0","0","","","2021/12/10 14:38","k.susa","2021/12/16 19:13","k.susa"
"218","doma","542-0081","大阪府大阪市中央区南船場1丁目11番9号","長堀安田ビル5F","","06-6260-4670","06-6260-4671","30","30","翌月","振込","2021/12/10 14:38","k.susa","2021/12/16 19:13","k.susa"
"217","SBIｱﾗﾌﾟﾛﾓ（ｼﾞｪｲｱｰﾙ東日本企画）","150-8508","東京都渋谷区恵比寿南1-5-5","JR恵比寿ビル","","03-5447-7875","03-5447-0989","0","0","","","2021/12/10 14:38","k.susa","2021/12/16 19:13","k.susa"
"216","KDR（AIGATE）","150-0002","東京都渋谷区渋谷二丁目16番5","宮益坂プレイス渋谷8階","","03-6416-4663","03-6416-4667","0","0","","","2021/12/10 14:38","k.susa","2021/12/16 19:13","k.susa"
"215","プルチャーム（AIGATE）","150-0002","東京都渋谷区渋谷二丁目16番5号","宮益坂プレイス渋谷8階","","03-6416-4663","03-6416-4667","0","0","","","2021/12/10 14:38","k.susa","2021/12/16 19:13","k.susa"
"214","AIGATE","150-0002","東京都渋谷区渋谷二丁目16番5号","宮益坂プレイス渋谷8階","","03-6416-4663","03-6416-4667","30","30","翌月","振込","2021/12/10 14:38","k.susa","2021/12/10 14:38","k.susa"
"213","さぬき健康本舗","760-0023","香川県高松市寿町2丁目2-10","高松寿町プライムビル4F","","050-5835-1140","087-814-5754","30","30","翌月","振込","2021/12/10 14:38","k.susa","2021/12/10 14:38","k.susa"
"212","天王寺ﾏﾘｱｸﾘﾆｯｸ（クインテット）","162-0845","東京都新宿区市谷本村町2-10","ストリーム市ヶ谷2F","","03-3235-6410","03-3235-6415","0","0","","","2021/12/10 14:38","k.susa","2021/12/10 14:38","k.susa"
"211","クインテット","162-0845","東京都新宿区市谷本村町2-10","ストリーム市ヶ谷2F","","03-3235-6410","03-3235-6415","30","30","翌月","振込","2021/12/10 14:38","k.susa","2021/12/10 14:38","k.susa"
"209","エータイ","101-0054","東京都千代田区神田錦町3丁目21","JPRクレスト竹橋ビル3階","","03-6328-3526","03-6328-3527","30","30","翌月","振込","2021/12/10 14:38","k.susa","2021/12/10 14:38","k.susa"
"208","JAPAN PREMIUM","104-0061","東京都中央区銀座2丁目8番19号","","","03-5159-7212","03-5159-7211","30","30","翌月","振込","2021/12/10 14:38","k.susa","2021/12/10 14:38","k.susa"
"207","コスメディ製薬","601-8014","京都府京都市南区東九条河西町32","","","075-950-1510","075-950-1512","30","30","翌月","振込","2021/12/10 14:38","k.susa","2021/12/10 14:38","k.susa"
"206","加美乃素本舗","651-0055","兵庫県神戸市中央区熊内橋通3丁目3番25号","","","078-231-1455","078-231-8265","30","30","翌月","振込","2021/12/10 14:38","k.susa","2021/12/10 14:38","k.susa"
"205","セラフィック","104-0033","東京都中央区新川2丁目13番10号","新川ビル7階","","03-6262-8018","03-6262-8019","30","30","翌月","振込","2021/12/10 14:38","k.susa","2021/12/10 14:38","k.susa"
"204","ルルーナ","104-0033","東京都中央区新川2-9-11","PMO八丁堀新川６階","","03-5244-9282","","30","30","翌月","振込","2021/12/10 14:38","k.susa","2021/12/10 14:38","k.susa"
"203","太田胃散（大広）","105-8658","東京都港区芝2-14-5","","","050-3743-0760","","0","0","","","2021/12/10 14:38","k.susa","2021/12/10 14:38","k.susa"
"202","よろずやソリューションズ","176-0001","東京都練馬区練馬1-20-8","日建練馬ビル2F","","090-8438-5013","","30","30","翌月","振込","2021/12/10 14:38","k.susa","2021/12/10 14:38","k.susa"
"201","フラクタル","170-0013","東京都豊島区東池袋1-47-12","シウトビル4階","","03-6864-6846","","30","30","翌月","振込","2021/12/02 20:41","k.susa","2021/12/02 20:41","k.susa"
"200","アップセルテクノロジィーズ","171-0021","東京都豊島区西池袋5-26-19","陸王西池袋ビル6F","","03-5986-0777","03-5986-0778","30","30","翌月","振込","2021/12/02 20:41","k.susa","2021/12/02 20:41","k.susa"
"199","トライブ","171-0014","東京都豊島区池袋2-47-3","","","","","30","30","翌月","振込","2021/12/02 20:41","k.susa","2021/12/02 20:41","k.susa"
"198","サラヤ","546-0013","大阪府大阪市東住吉区湯里2-2-8","サラヤコミュニケーションラボ2F","","06-6797-3111","","20","20","翌月","振込","2021/12/02 20:41","k.susa","2021/12/02 20:41","k.susa"
"197","てまひま堂","890-0081","鹿児島県唐湊4丁目17番1号","","","099-284-0201","099-284-0231","30","30","翌月","振込","2021/12/02 20:41","k.susa","2021/12/02 20:41","k.susa"
"196","マードゥレクス","150-0001","東京都渋谷区神宮前6-17-11","JPR原宿ビル","","03-5467-7072","03-5485-1658","30","30","2ヶ月後","振込","2021/10/19 19:57","k.susa","2021/12/02 20:41","k.susa"
"195","ｱﾙﾌｧｰ・ｴﾙ・文化センター","169-0075","東京都新宿区高田馬場１丁目4番15号","大樹生命高田馬場ビル8階","","03-3209-8500","03-3200-7433","30","30","翌月","振込","2021/10/19 19:57","k.susa","2021/12/02 20:41","k.susa"
"194","桃屋（ピアラ）","150-6013","東京都渋谷区恵比寿4-20-3","恵比寿ガーデンプレイスタワー13階","","03-6362-6831","","0","0","","","2021/08/12 15:54","k.susa","2021/12/02 20:41","k.susa"
"193","リバースラボ（ピアラ）","150-6013","東京都渋谷区恵比寿4-20-3","恵比寿ガーデンプレイスタワー13階","","03-6362-6831","","0","0","","","2021/08/12 15:54","k.susa","2021/12/02 20:41","k.susa"
"192","ジェイフロンティア（ピアラ）","150-6013","東京都渋谷区恵比寿4-20-3","恵比寿ガーデンプレイスタワー13階","","03-6362-6831","","0","0","","","2021/08/12 15:54","k.susa","2021/12/02 20:41","k.susa"
"191","エルビュー（ピアラ）","150-6013","東京都渋谷区恵比寿4-20-3","恵比寿ガーデンプレイスタワー13階","","03-6362-6831","","0","0","","","2021/08/12 15:54","k.susa","2021/12/02 20:41","k.susa"
"190","クラデンジャパン（ﾆｭｰﾛ･ｵﾝ）","104-0061","東京都中央区銀座1-16-7","銀座大栄ビル5階","","03-4360-8638","","0","0","","","2021/08/12 15:54","k.susa","2021/12/02 20:41","k.susa"
"189","ニューロ・オン","104-00061","東京都中央区銀座1-16-7","銀座大栄ビル5階","","","","30","30","翌月","振込","2021/08/12 15:54","k.susa","2021/12/02 20:41","k.susa"
"188","カゴメ（博報堂ﾌﾟﾛﾀﾞｸﾂ）","135-8620","東京都江東区豊洲5-6-15","NBFガーデンフロント2F","","","","0","0","","","2021/08/12 15:54","k.susa","2021/12/02 20:41","k.susa"
"187","フューチャーラボ","107-0052","東京都港区赤坂8-5-32","田中駒ビル7F","","03-6406-8931","03-6406-8921","30","30","翌月","振込","2021/08/12 15:54","k.susa","2021/12/02 20:41","k.susa"
"186","Waqoo（ピアラ）","150-6013","東京都渋谷区恵比寿4-20-3","恵比寿ガーデンプレイスタワー13F","","03-6362-6831","","0","0","","","2021/08/12 15:54","k.susa","2021/12/02 20:41","k.susa"
"185","Waqoo","","","","","","","30","30","翌月","振込","2021/08/12 15:54","k.susa","2021/12/02 20:41","k.susa"
"184","ヤーマン（ピアラ）","150-6013","東京都渋谷区恵比寿4-20-3","恵比寿ガーデンプレイスタワー13階","","070-7518-8654","","0","0","","","2021/08/12 15:54","k.susa","2021/12/02 20:41","k.susa"
"183","ヤーマン","","","","","","","30","30","翌月","振込","2021/08/12 15:54","k.susa","2021/12/02 20:41","k.susa"
"182","NTTドコモ","","","","","","","30","0","","","2021/07/16 19:58","k.susa","2021/12/02 20:41","k.susa"
"181","メビウス","","","","","","","30","0","","","2021/07/16 19:58","k.susa","2021/12/02 20:41","k.susa"
"180","HONDA（石川特殊特急製本）","","","","","","","0","0","","","2021/07/16 19:58","k.susa","2021/12/02 20:41","k.susa"
"179","石川特殊特急製本","","","","","","","20","10","翌月","振込","2021/07/16 19:58","k.susa","2021/12/02 20:41","k.susa"
"178","NTTドコモ（タウンズポスト）","","","","","","","0","0","","","2021/07/16 19:58","k.susa","2021/12/02 20:41","k.susa"
"177","メビウス（タウンズポスト）","","","","","","","0","0","","","2021/07/16 19:58","k.susa","2021/12/02 20:41","k.susa"
"176","タウンズポスト","","","","","","","30","30","翌月","振込","2021/07/16 19:58","k.susa","2021/12/02 20:41","k.susa"
"175","DOGDEPT（Dパッカーズ）","","","","","","","0","0","","","2021/07/16 19:58","k.susa","2021/12/02 20:41","k.susa"
"174","DOGDEPT","","","","","","","30","0","","","2021/07/16 19:58","k.susa","2021/12/02 20:41","k.susa"
"173","アクサ生命（Dパッカーズ）","","","","","","","0","0","","","2021/07/16 19:58","k.susa","2021/12/02 20:41","k.susa"
"172","アクサ生命","","","","","","","30","0","","","2021/07/16 19:58","k.susa","2021/12/02 20:41","k.susa"
"171","Dパッカーズ","","","","","","","30","30","翌月","振込","2021/07/16 19:58","k.susa","2021/12/02 20:41","k.susa"
"170","公財）東京都私学財団（Dフリー）","","","","","","","0","0","","","2021/07/16 19:58","k.susa","2021/12/02 20:41","k.susa"
"169","公益財団法人東京都私学財団","","","","","","","30","0","","","2021/07/16 19:58","k.susa","2021/12/02 20:41","k.susa"
"168","ベネッセ（Dフリー）","","","","","","","0","0","","","2021/07/16 19:58","k.susa","2021/12/02 20:41","k.susa"
"167","ベネッセ","","","","","","","30","0","","","2021/07/16 19:58","k.susa","2021/12/02 20:41","k.susa"
"166","ハーベリィアースストーリー","810-0004","福岡県福岡市中央区渡辺通5-23-8","サンライトビル4階","","092-707-1730","","30","30","2ヶ月後","振込","2021/07/16 19:58","k.susa","2021/12/02 20:41","k.susa"
"165","エヴァンジェリスト","106-0047","東京都港区南麻布2-9-15","","","","","30","30","翌月","振込","2021/07/16 19:58","k.susa","2021/12/02 20:41","k.susa"
"164","カネリョウ海藻","869-0402","熊本県宇土市笹原町1544番地","","","0964-22-7190","","30","30","翌月","振込","2021/07/16 19:58","k.susa","2021/12/02 20:41","k.susa"
"163","さいとう製菓","022-0007","岩手県大船渡市赤崎町宮野5-1","","","0192-26-2222","","30","30","翌月","振込","2021/07/16 19:58","k.susa","2021/12/02 20:41","k.susa"
"162","ロート製薬","530-0011","大阪市北区大深町3-1","グランフロント大阪タワーB29F","","06-6758-9809","","30","30","翌月","振込","2021/07/16 19:58","k.susa","2021/12/02 20:41","k.susa"
"161","第一三共/アイム（ピアラ）","150-6013","東京都渋谷区恵比寿4-20-3","恵比寿ガーデンプレイスタワー13階","","03-6362-6831","","0","0","","","2021/07/16 19:58","k.susa","2021/12/02 20:41","k.susa"
"160","第一三共/アイム","","","","","","","30","0","","","2021/07/16 19:58","k.susa","2021/12/02 20:41","k.susa"
"159","キューボ（ピアラ）","150-6013","東京都渋谷区恵比寿4-20-3","恵比寿ガーデンプレイスタワー13階","","03-6362-6831","","0","0","","","2021/07/16 19:58","k.susa","2021/12/02 20:41","k.susa"
"158","キューボ","","","","","","","30","30","翌月","振込","2021/07/16 19:58","k.susa","2021/12/02 20:41","k.susa"
"157","レミントン（コールコム）","116-0013","東京都荒川区西日暮里5-32-4","目黒ビル4F","","03-5850-6321","","0","0","","","2021/07/16 19:58","k.susa","2021/12/02 20:41","k.susa"
"156","コールコム","116-0013","東京都荒川区西日暮里5-32-4","目黒ビル4F","","03-5850-6321","","30","30","翌月","振込","2021/07/16 19:58","k.susa","2021/12/02 20:41","k.susa"
"155","レミントン","","","","","","","30","30","翌月","振込","2021/07/16 19:58","k.susa","2021/12/02 20:41","k.susa"
"154","ジェイ・メディックス（ｼﾞｪｲ･ｽﾀｰ）","","","","","","","0","0","","","2021/07/16 19:58","k.susa","2021/12/02 20:41","k.susa"
"153","ジェイ・スター","810-0005","福岡県福岡市中央区清川1-7-12","大戸ビル5階","","092-534-3688","092-534-3689","30","30","2ヶ月後","振込","2021/07/16 19:58","k.susa","2021/12/02 20:41","k.susa"
"152","ジェイ・メディックス","810-0005","福岡県福岡市中央区清川1-7-12","大戸ビル5階","","092-534-3688","092-534-3689","30","30","翌月","振込","2021/07/16 19:58","k.susa","2021/12/02 20:41","k.susa"
"151","クロスフェイス","811-1312","福岡県福岡市南区横手南町20-24","","","092-558-0412","092-558-0413","30","30","翌月","振込","2021/07/16 19:58","k.susa","2021/12/02 20:41","k.susa"
"150","新日本製薬","810-0074","福岡県福岡市中央区大手門1-4-7","","","092-720-5802","092-720-5820","30","30","翌月","振込","2021/07/16 19:58","k.susa","2021/12/02 20:41","k.susa"
"149","エムスタイルジャパン","810-0021","福岡県福岡市中央区今泉1-20-2","天神MENTビル9階","","092-406-4564","092-406-4565","30","30","翌月","振込","2021/07/16 19:58","k.susa","2021/12/02 20:41","k.susa"
"148","エコアライブ（PIECE）","812-0012","福岡県福岡市博多区博多駅中央街8-27","第16岡部ビル7F（エコアライブ内）","","","","0","0","","","2021/07/16 19:58","k.susa","2021/12/02 20:41","k.susa"
"147","PIECE","812-0012","福岡県福岡市博多区博多駅中央街8-27","第16岡部ビル7F（エコアライブ内）","","090-5932-8151","","30","30","翌月","振込","2021/07/16 19:58","k.susa","2021/12/02 20:41","k.susa"
"146","エコアライブ","812-0012","福岡県福岡市博多区博多駅中央街8-27","第16岡部ビル7F","","092-415-6057","092-415-6002","30","30","翌月","振込","2021/07/16 19:58","k.susa","2021/12/02 20:41","k.susa"
"145","フジ日本精糖","424-0924","静岡県静岡市清水区清開1-4-10","","","054-334-5354","054-335-4871","30","30","翌月","振込","2021/07/16 19:58","k.susa","2021/12/02 20:41","k.susa"
"144","ブルックス","225-8539","神奈川県横浜市青葉区美しが丘4-54-6","","","045-909-1145","045-909-1133","30","30","翌月","振込","2021/07/16 19:58","k.susa","2021/12/02 20:41","k.susa"
"143","LOGO'S","104-0061","東京都中央区銀座4-14-4-6F","","","03-3546-5777","","30","30","翌月","振込","2021/07/16 19:58","k.susa","2021/12/02 20:41","k.susa"
"142","全国通販","530-0002","大阪府大阪市北区曽根崎新地2-2-16","","","06-6342-6308","06-6342-6393","30","30","翌月","振込","2021/07/16 19:58","k.susa","2021/12/02 20:41","k.susa"
"141","ソシア","140-0013","東京都品川区南大井6-28-10","新木ビル５階","","03-3298-4488","03-3298-4477","30","30","翌月","振込","2021/07/16 19:58","k.susa","2021/12/02 20:41","k.susa"
"140","金氏高麗人参（ﾃﾚﾏｰｹﾃｨﾝｸﾞﾌｫｰｽ）","","","","","","","0","0","","","2021/07/16 19:58","k.susa","2021/12/02 20:41","k.susa"
"139","金氏高麗人参","","","","","","","30","30","翌月","振込","2021/07/16 19:58","k.susa","2021/12/02 20:41","k.susa"
"138","テレマーケティングフォース","105-0001","東京都港区虎ノ門5-12-1","虎ノ門ワイコービル４階","","03-6430-2160","03-6430-2161","30","30","翌月","振込","2021/07/16 19:58","k.susa","2021/12/02 20:41","k.susa"
"137","SB食品（リプライオリティ）","","","","","","","0","0","","","2021/07/16 19:58","k.susa","2021/12/02 20:41","k.susa"
"136","S&B エスビー食品","","","","","","","0","0","","","2021/07/16 19:58","k.susa","2021/12/02 20:41","k.susa"
"135","オーテ","158-0097","東京都世田谷区用賀4-10-1","","","03-6738-7300","","30","30","翌月","振込","2021/07/16 19:58","k.susa","2021/12/02 20:41","k.susa"
"134","バイセル（ｼﾞｪｲｱｰﾙ東日本企画）","","","","","","","0","0","","","2021/07/16 19:58","k.susa","2021/12/02 20:41","k.susa"
"133","ジェイアール東日本企画","150-8508","東京都渋谷区恵比寿南1-5-5","JR恵比寿ビル14F","","03-5447-7800","03-5447-0989","30","30","翌月","振込","2021/07/16 19:58","k.susa","2021/12/02 20:41","k.susa"
"132","バイセル","160-0004","東京都新宿区四谷4-28-8","PALTビル8F","","03-3359-0830","03-3359-0831","0","0","","","2021/07/16 19:58","k.susa","2021/12/02 20:41","k.susa"
"131","森下仁丹（エムジェマ）","","","","","","","0","0","","","2021/07/16 19:58","k.susa","2021/12/02 20:41","k.susa"
"130","エムジェマ","542-0081","大阪市中央区南船場1-11-9","長堀安田ビル5F","","06-6260-4690","06-6260-4691","30","30","翌月","振込","2021/07/16 19:58","k.susa","2021/12/02 20:41","k.susa"
"129","アリンクル","105-0013","東京都港区浜松町２丁目２番１５号","浜松町ダイヤビル２Ｆ","","","","30","30","翌月","振込","2021/07/16 19:58","k.susa","2021/12/02 20:41","k.susa"
"128","テクロス","150-0002","東京都渋谷区渋谷2-1-12","VORT AOYAMAⅡ 3F","","03-6455-7017","03-6455-7018","30","30","翌月","振込","2021/07/16 19:58","k.susa","2021/12/02 20:41","k.susa"
"127","森下仁丹","540-8566","大阪府大阪市中央区玉造一丁目2番40号","","","06-6761-1131","06-6768-1661","0","0","","","2021/07/16 19:58","k.susa","2021/12/02 20:41","k.susa"
"126","ニコリオ","158-0097","東京都世田谷区用賀4-10-1","世田谷ビジネススクエアタワー10F","","03-6431-8830","03-6431-8967","30","30","翌月","振込","2021/07/16 19:58","k.susa","2021/12/02 20:41","k.susa"
"125","NTTﾌｧｼﾘﾃｨｰｽﾞ(博報堂ﾌﾟﾛﾀﾞｸﾂ)","","","","","","","0","0","","","2021/07/16 19:58","k.susa","2021/12/02 20:41","k.susa"
"124","富士ﾌｨﾙﾑﾒﾃﾞｨｶﾙ(博報堂ﾌﾟﾛﾀﾞｸﾂ)","","","","","","","0","0","","","2021/07/16 19:58","k.susa","2021/12/02 20:41","k.susa"
"904","ネタ得意先（制作）","","","","","","","30","30","翌月","振込","2021/07/05 18:49","k.susa","2021/12/02 20:41","k.susa"
"903","ネタ得意先（福岡）","","","","","","","30","30","翌月","振込","2021/07/05 18:49","k.susa","2021/12/02 20:41","k.susa"
"902","ネタ得意先（D.M）","","","","","","","30","30","翌月","振込","2021/07/05 18:49","k.susa","2021/12/02 20:41","k.susa"
"901","ネタ得意先（M）","","","","","","","30","30","翌月","振込","2021/07/05 18:49","k.susa","2021/12/02 20:41","k.susa"
"900","ネタ得意先（P）","","","","","","","30","30","翌月","振込","2021/07/05 18:49","k.susa","2021/12/02 20:41","k.susa"
"123","メイコー","174-0051","東京都板橋区小豆沢1-14-26","","","03-3965-5640","","30","30","翌月","振込","2021/05/12 13:41","k.susa","2021/12/02 20:41","k.susa"
"122","大正製薬（リプライオリティ）","","","","","","","0","0","","","2021/05/12 13:41","k.susa","2021/12/02 20:41","k.susa"
"121","リプライオリティ","103-0021","東京都中央区日本橋本石町3-1-2","FORECAST新常盤橋４階","","03-6821-0050","","30","30","翌月","振込","2021/05/12 13:41","k.susa","2021/12/02 20:41","k.susa"
"120","理研ビタミン","160-0004","東京都新宿区四谷1-6-1","","","03-5362-1326","","30","30","翌月","振込","2021/05/12 13:41","k.susa","2021/12/02 20:41","k.susa"
"119","ランクアップ","104-0061","東京都中央区銀座3-10-7","ヒューリック銀座三丁目ビル７F","","03-3543-1585","03-3543-1586","30","30","翌月","振込","2021/05/12 13:41","k.susa","2021/12/02 20:41","k.susa"
"118","ヤマサキ","150-0002","東京都渋谷区渋谷1-16-9","渋谷KIビル６F","","03-5766-5147","03-3797-1808","30","30","翌月","振込","2021/05/12 13:41","k.susa","2021/12/02 20:41","k.susa"
"117","ヤマキ","101-0021","千代田区外神田4-8-2","","","03-3251-1398","","30","30","翌月","振込","2021/05/12 13:41","k.susa","2021/12/02 20:41","k.susa"
"116","マイケア","162-0845","東京都新宿区市谷本村町2-5","AD市ヶ谷ビル８F","","03-3513-0080","","30","30","翌月","振込","2021/05/12 13:41","k.susa","2021/12/02 20:41","k.susa"
"115","北海道アンソロポロジー","060-0807","北海道札幌市北区北７条西１丁目1-2","SE札幌ビル 10階","","011-557-8600","","30","25","翌月","振込","2021/05/12 13:41","k.susa","2021/12/02 20:41","k.susa"
"114","加茂繊維（プロフィットセンター）","190-0012","東京都立川市曙町2-34-6","コクーンビル３F","","03-4520-6877","","0","0","","","2021/05/12 13:41","k.susa","2021/12/02 20:41","k.susa"
"113","プロフィットセンター","190-0012","東京都立川市曙町2-34-6","コクーンビル３F","","03-4520-6877","","30","30","翌月","振込","2021/05/12 13:41","k.susa","2021/12/02 20:41","k.susa"
"112","プラスワン","104-0045","東京都中央区築地1-4-8","築地ホワイトビル403号","","03-3541-1317","","30","30","翌月","振込","2021/05/12 13:41","k.susa","2021/12/02 20:41","k.susa"
"111","ふくや","","","","","","","30","20","翌月","振込","2021/05/12 13:41","k.susa","2021/12/02 20:41","k.susa"
"110","森永乳業（ファインドスター）","","","","","","","0","0","","","2021/05/12 13:41","k.susa","2021/12/02 20:41","k.susa"
"109","森永乳業","","","","","","","0","0","","","2021/05/12 13:41","k.susa","2021/12/02 20:41","k.susa"
"108","ファインドスター","","","","","","","30","30","翌月","振込","2021/05/12 13:41","k.susa","2021/12/02 20:41","k.susa"
"106","ファーマフーズ","615-8245","京都府京都市西京区御陵大原1-49","","","075-323-7170","","30","30","翌月","振込","2021/05/12 13:41","k.susa","2021/12/02 20:41","k.susa"
"105","ビタブリッドジャパン","107-0052","東京都港区赤坂4-15-1","赤坂ガーデンシティ15F","","03-6821-7502","03-6821-7503","30","30","翌月","振込","2021/05/12 13:41","k.susa","2021/12/02 20:41","k.susa"
"104","ピアラ","150-6013","東京都渋谷区恵比寿4-20-3","恵比寿ガーデンプレイスタワー13階","","03-6362-6831","","30","30","翌月","振込","2021/05/12 13:41","k.susa","2021/12/02 20:41","k.susa"
"103","ビーアンドエス・コーポレーション","102-0073","東京都千代田区九段北4-1-28","","","03-3288-0067","","30","30","翌月","振込","2021/05/12 13:41","k.susa","2021/12/02 20:41","k.susa"
"102","バルコス","","","","","","","30","30","翌月","振込","2021/05/12 13:41","k.susa","2021/12/02 20:41","k.susa"
"101","ﾄｯﾊﾟﾝ･ﾌｫｰﾑｽﾞ(博報堂ﾌﾟﾛﾀﾞｸﾂ)","","","","","","","0","0","","","2021/05/12 13:41","k.susa","2021/12/02 20:41","k.susa"
"100","セブンイレブン(博報堂ﾌﾟﾛﾀﾞｸﾂ)","","","","","","","0","0","","","2021/05/12 13:41","k.susa","2021/12/02 20:41","k.susa"
"99","イトーヨーカドー(博報堂ﾌﾟﾛﾀﾞｸﾂ)","","","","","","","0","0","","","2021/05/12 13:41","k.susa","2021/12/02 20:41","k.susa"
"98","博報堂プロダクツ","","","","","","","20","20","翌月","振込","2021/05/12 13:41","k.susa","2021/12/02 20:41","k.susa"
"97","NTTタウンページ（博報堂）","","","","","","","0","0","","","2021/05/12 13:41","k.susa","2021/12/02 20:41","k.susa"
"96","トッパン・フォームズ（博報堂）","","","","","","","0","0","","","2021/05/12 13:41","k.susa","2021/12/02 20:41","k.susa"
"95","オリックス生命（博報堂）","107-6315","東京都港区赤坂5-3-1","","","","","0","0","","","2021/05/12 13:41","k.susa","2021/12/02 20:41","k.susa"
"94","NTTファシリティーズ（博報堂）","107-6315","東京都港区赤坂5-3-1","赤坂Bizタワー１５階","","03-6441-4156","","0","0","","","2021/05/12 13:41","k.susa","2021/12/02 20:41","k.susa"
"93","セブンイレブン（博報堂）","107-6315","東京都港区赤坂5-3-1","赤坂Bizタワー１５階","","03-6441-4156","","0","0","","","2021/05/12 13:41","k.susa","2021/12/02 20:41","k.susa"
"92","再春館製薬（博報堂）","107-6315","東京都港区赤坂5-3-1","赤坂Bizタワー５階","","03-6441-4135","","0","0","","","2021/05/12 13:41","k.susa","2021/12/02 20:41","k.susa"
"91","イトーヨーカドー","","","","","","","20","20","翌月","振込","2021/05/12 13:41","k.susa","2021/12/02 20:41","k.susa"
"90","トッパン・フォームズ","","","","","","","0","0","","","2021/05/12 13:41","k.susa","2021/12/02 20:41","k.susa"
"89","オリックス生命保険","","","","","","","0","0","","","2021/05/12 13:41","k.susa","2021/12/02 20:41","k.susa"
"88","NTTファシリティーズ","","","","","","","0","0","","","2021/05/12 13:41","k.susa","2021/12/02 20:41","k.susa"
"87","セブン‐イレブン","","","","","","","0","0","","","2021/05/12 13:41","k.susa","2021/12/02 20:41","k.susa"
"86","再春館製薬","","","","","","","0","0","","","2021/05/12 13:41","k.susa","2021/12/02 20:41","k.susa"
"85","博報堂","","","","","","","20","20","翌月","振込","2021/05/12 13:41","k.susa","2021/12/02 20:41","k.susa"
"83","日本薬師堂","153-0042","東京都目黒区青葉台３－２－１２","","","03-6626-2777","","30","30","翌月","振込","2021/05/12 13:41","k.susa","2021/12/02 20:41","k.susa"
"82","日本トータルテレマーケティング","150-0002","東京都渋谷区渋谷３－１２－１８","渋谷南東急ビル３F","","03-6730-0001","03-6730-0000","30","30","翌月","振込","2021/05/12 13:41","k.susa","2021/12/02 20:41","k.susa"
"81","日本製粉(ﾆｯﾌﾟﾝﾗｲﾌｲﾉﾍﾞｰｼｮﾝ)","","","","","","","0","0","","","2021/05/12 13:41","k.susa","2021/12/02 20:41","k.susa"
"80","ニップンライフイノベーション","","","","","","","30","30","翌月","振込","2021/05/12 13:41","k.susa","2021/12/02 20:41","k.susa"
"79","日本製粉","102-0083","東京都千代田区麹町４－８","","","03-3511-5357","","30","30","翌月","振込","2021/05/12 13:41","k.susa","2021/12/02 20:41","k.susa"
"78","日本ウェルネス研究所","","","","","","","30","30","2ヶ月後","振込","2021/05/12 13:41","k.susa","2021/12/02 20:41","k.susa"
"77","ニッピコラーゲン化粧品（ニッピ）","120-8601","東京都足立区千住緑町１－１－１","","","03-3888-9456","","0","0","","","2021/05/12 13:41","k.susa","2021/12/02 20:41","k.susa"
"76","ニッピ","120-8601","東京都足立区千住緑町１－１－１","","","","","30","30","翌月","手形","2021/05/12 13:41","k.susa","2021/12/02 20:41","k.susa"
"75","群馬県民共済(西川ｺﾐｭﾆｹｰｼｮﾝｽﾞ)","102-0083","東京都千代田区麹町2-4","麹町鶴屋八幡ビル7F","","","","0","0","","","2021/05/12 13:41","k.susa","2021/12/02 20:41","k.susa"
"74","西川コミュニケーションズ","102-0083","東京都千代田区麹町2-4","麹町鶴屋八幡ビル7F","","","","30","30","翌月","振込","2021/05/12 13:41","k.susa","2021/12/02 20:41","k.susa"
"73","ナチュラピュリファイ研究所","","","","","","","0","0","","","2021/05/12 13:41","k.susa","2021/12/02 20:41","k.susa"
"72","加茂繊維（トリノリンクス）","","","","","","","0","0","","","2021/05/12 13:41","k.susa","2021/12/02 20:41","k.susa"
"71","トリノリンクス","150-0001","東京都渋谷区神宮前 6-19-1","","","","","30","30","翌月","振込","2021/05/12 13:41","k.susa","2021/12/02 20:41","k.susa"
"70","トランスコスモス","150-8530","東京都渋谷区渋谷３－２５－１８","","","03-4363-0260","03-4363-1310","30","30","2ヶ月後","振込","2021/05/12 13:41","k.susa","2021/12/02 20:41","k.susa"
"69","豆腐の盛田屋","","","","","","","30","25","翌月","振込","2021/05/12 13:41","k.susa","2021/12/02 20:41","k.susa"
"68","ファンケル（東急エージェンシー）","107-8417","東京都港区赤坂４－８－１８","","","","","0","0","","","2021/05/12 13:41","k.susa","2021/12/02 20:41","k.susa"
"67","ファンケル","","","","","","","0","0","","","2021/05/12 13:41","k.susa","2021/12/02 20:41","k.susa"
"66","東急エージェンシー","107-8417","東京都港区赤坂４－８－１８","","","","","30","20","2ヶ月後","振込","2021/05/12 13:41","k.susa","2021/12/02 20:41","k.susa"
"65","TIAD","225-0021","神奈川県横浜市青葉区すすき野1-8-22","","","090-7477-9084","","30","10","2ヶ月後","振込","2021/05/12 13:41","k.susa","2021/12/02 20:41","k.susa"
"64","ティーライフ株式会社","428-8651","静岡県島田市牛尾１１８番地","","","0547-46-3989","","30","30","翌月","振込","2021/05/12 13:41","k.susa","2021/12/02 20:41","k.susa"
"63","新大和漢方（Dﾀﾞｲﾚｸｼｮﾝｽﾞ）","","","","","","","0","0","","","2021/05/12 13:41","k.susa","2021/12/02 20:41","k.susa"
"62","グレイトフル（Dﾀﾞｲﾚｸｼｮﾝｽﾞ）","101-0061","東京都千代田区三崎町1-4-17","東洋ビル11F","","03-6674-8679","092-739-1429","0","0","","","2021/05/12 13:41","k.susa","2021/12/02 20:41","k.susa"
"61","エムズサイエンス（Dﾀﾞｲﾚｸｼｮﾝｽﾞ）","101-0061","東京都千代田区三崎町1-4-17","東洋ビル11F","","03-6674-8679","092-739-1429","0","0","","","2021/05/12 13:41","k.susa","2021/12/02 20:41","k.susa"
"60","エムズサイエンス","814-0163","福岡県福岡市早良区干隈3-16-1","","","092-836-5070","092-836-5071","30","30","翌月","振込","2021/05/12 13:41","k.susa","2021/12/02 20:41","k.susa"
"59","新大和漢方","814-0163","福岡県福岡市早良区干隈3-16-1","","","","","30","30","翌月","振込","2021/05/12 13:41","k.susa","2021/12/02 20:41","k.susa"
"58","グレイトフル","","","","","","","30","30","翌月","振込","2021/05/12 13:41","k.susa","2021/12/02 20:41","k.susa"
"57","Dダイレクションズ","101-0061","東京都千代田区三崎町1-4-17","東洋ビル11F","","03-6674-8679","092-739-1429","30","30","2ヶ月後","振込","2021/05/12 13:41","k.susa","2021/12/02 20:41","k.susa"
"56","アカシアの樹（TMA）","","","","","","","0","0","","","2021/05/12 13:41","k.susa","2021/12/02 20:41","k.susa"
"55","TMA","110-0016","東京都台東区台東１－９－４","松浦ビル５F","","03-3833-4180","03-3832-2757","30","30","翌月","振込","2021/05/12 13:41","k.susa","2021/12/02 20:41","k.susa"
"54","Dフリー","101-0021","東京都千代田区外神田4-14-2","東京タイムズタワー1202","","03-3525-8728","03-3525-8729","30","30","3ヶ月後","振込","2021/05/12 13:41","k.susa","2021/12/02 20:41","k.susa"
"53","ネスレ日本","140-0002","東京都品川区東品川２－２－２０","天王洲郵船ビル２０F","","03-5769-6228","03-5769-6245","30","1","3ヶ月後","振込","2021/05/12 13:41","k.susa","2021/12/02 20:41","k.susa"
"52","ネスレ日本（ティーダイレクト）","104-0045","東京都中央区築地4-1-1","東劇ビル4F","","03-6228-4595","03-6228-4596","0","0","","","2021/05/12 13:41","k.susa","2021/12/02 20:41","k.susa"
"51","ティーダイレクト","","","","","","","30","30","翌月","振込","2021/05/12 13:41","k.susa","2021/12/02 20:41","k.susa"
"50","椿","100-0101","東京都大島町元町4-10-13","","","04992-2-5091","04992-2-5092","30","30","翌月","振込","2021/05/12 13:41","k.susa","2021/12/02 20:41","k.susa"
"49","チョコレートショップ","812-0024","福岡県福岡市博多区網場町３－１７","","","092-281-1826","","30","30","翌月","振込","2021/05/12 13:41","k.susa","2021/12/02 20:41","k.susa"
"48","ダイドードリンコ","530-0005","大阪府大阪市北区中之島2-2-7","中之島セントラルタワー18F","","06-6222-2600","","20","20","翌月","振込","2021/05/12 13:41","k.susa","2021/12/02 20:41","k.susa"
"47","ニッピコラーゲン化粧品","","","","","","","30","0","","","2021/05/12 13:41","k.susa","2021/12/02 20:41","k.susa"
"46","大正製薬","","","","","","","30","30","2ヶ月後","振込","2021/05/12 13:41","k.susa","2021/12/02 20:41","k.susa"
"45","群馬県民共済","","","","","","","30","30","翌月","振込","2021/05/12 13:41","k.susa","2021/12/02 20:41","k.susa"
"44","小林製薬 (大広WEDO）","","","","","","","0","0","","","2021/05/12 13:41","k.susa","2021/12/02 20:41","k.susa"
"43","サントリーウエルネス (大広WEDO）","","","","","","","0","0","","","2021/05/12 13:41","k.susa","2021/12/02 20:41","k.susa"
"42","大塚製薬（大広）","","","","","","","0","0","","","2021/05/12 13:41","k.susa","2021/12/02 20:41","k.susa"
"41","小林製薬","","","","","","","0","0","","","2021/05/12 13:41","k.susa","2021/12/02 20:41","k.susa"
"40","サントリーウエルネス","","","","","","","0","0","","","2021/05/12 13:41","k.susa","2021/12/02 20:41","k.susa"
"39","大塚製薬","","","","","","","0","0","","","2021/05/12 13:41","k.susa","2021/12/02 20:41","k.susa"
"38","大広WEDO","","","","","","","20","20","翌月","振込","2021/05/12 13:41","k.susa","2021/12/02 20:41","k.susa"
"37","大広","","","","","","","30","20","2ヶ月後","振込","2021/05/12 13:41","k.susa","2022/01/07 21:40","k.susa"
"36","日本文化センター","169-0075","東京都新宿区高田馬場1-4-15","大樹生命高田馬場ビル8階","","03-3200-8500","03-3200-7433","30","30","翌月","振込","2021/05/12 13:41","k.susa","2021/12/02 20:41","k.susa"
"35","ゼリアヘルスウエイ","","","","","","","30","20","翌月","振込","2021/05/12 13:41","k.susa","2021/12/02 20:41","k.susa"
"34","世田谷自然食品","158-0097","東京都世田谷区用賀4-10-1","世田谷ビジネススクエア タワー棟19階","","03-6738-7302","","30","30","翌月","振込","2021/05/12 13:41","k.susa","2021/12/02 20:41","k.susa"
"33","マイケア（スリーフラッグス）","","","","","","","0","0","","","2021/05/12 13:41","k.susa","2021/12/02 20:41","k.susa"
"32","株式会社スリーフラッグス","","","","","","","30","30","翌月","振込","2021/05/12 13:41","k.susa","2021/12/02 20:41","k.susa"
"31","スマイル・ジャパン（ファイズ）","","","","","","","0","0","","","2021/05/12 13:41","k.susa","2021/12/02 20:41","k.susa"
"30","ファイズ","","","","","","","30","30","翌月","振込","2021/05/12 13:41","k.susa","2021/12/02 20:41","k.susa"
"29","スマイル・ジャパン","963-0107","福島県郡山市安積2-215","","","024-946-0111","024-946-5667","30","30","2ヶ月後","振込","2021/05/12 13:41","k.susa","2021/12/02 20:41","k.susa"
"28","巨樹の会(シンフォニア)","","","","","","","0","0","","","2021/05/12 13:41","k.susa","2021/12/02 20:41","k.susa"
"27","シンフォニア","813-0044","福岡県福岡市東区千早5-13-38-2F","","","092-683-0525","092-683-2122","30","30","翌月","振込","2021/05/12 13:41","k.susa","2021/12/02 20:41","k.susa"
"26","三光通販","103-0004","東京都中央区東日本橋2-2-6","Rei東日本橋ビル1､2F","","03-5809-1340","03-5809-1224","20","30","翌月","振込","2021/05/12 13:41","k.susa","2021/12/02 20:41","k.susa"
"25","小泉成器","541-0051","大阪市中央区備後町3-3-7","","","06-6121-2034","","30","30","翌月","振込","2021/05/12 13:41","k.susa","2021/12/02 20:41","k.susa"
"24","大正製薬(ﾌｨｰﾙﾄﾞﾏﾈｰｼﾞﾒﾝﾄ)","","","","","","","0","0","","","2021/05/12 13:41","k.susa","2021/12/02 20:41","k.susa"
"23","フィールドマネージメント","150-0001","東京都渋谷区神宮前5-7-20","神宮前太田ビル5F","","03-5778-4515","","30","30","2ヶ月後","振込","2021/05/12 13:41","k.susa","2021/12/02 20:41","k.susa"
"22","大正製薬(Glossom)","","","","","","","0","0","","","2021/05/12 13:41","k.susa","2021/12/02 20:41","k.susa"
"21","Glossom","160-0023","東京都新宿区西新宿6-18-1","新宿セントラルパークタワー13F","","03-5770-9115","03-4333-7895","30","30","2ヶ月後","振込","2021/05/12 13:41","k.susa","2021/12/02 20:41","k.susa"
"20","銀座セルクブラン","","","","","","","30","20","翌月","振込","2021/05/12 13:41","k.susa","2021/12/02 20:41","k.susa"
"19","キナリ","140-0002","東京都品川区東品川2-2-4","天王洲ファーストタワー２４F","","","","30","25","翌月","振込","2021/05/12 13:41","k.susa","2021/12/02 20:41","k.susa"
"18","キシムラ","","","","","","","30","30","翌月","振込","2021/05/12 13:41","k.susa","2021/12/02 20:41","k.susa"
"17","加茂繊維","708-0821","岡山県津山市野介代1650-1","","","0868-33-9088","","30","30","翌月","振込","2021/05/12 13:41","k.susa","2021/12/02 20:41","k.susa"
"16","カネカ","107-6028","東京都港区赤坂1-12-32","アーク森ビル","","","","30","30","翌月","振込","2021/05/12 13:41","k.susa","2021/12/02 20:41","k.susa"
"15","カネカユアヘルスケア","107-6028","東京都港区赤坂1-12-32","アーク森ビル","","050-3133-6373","","30","30","翌月","振込","2021/05/12 13:41","k.susa","2021/12/02 20:41","k.susa"
"14","カゴメ","103-8461","東京都中央区日本橋浜町3丁目21番1号","日本橋浜町Fタワー","","","","30","25","翌月","振込","2021/05/12 13:41","k.susa","2021/12/02 20:41","k.susa"
"13","おりなす","812-0039","福岡県福岡市博多区冷泉町1-1","SHD博多ビル5F","","092-287-9292","092-287-9277","30","30","翌月","振込","2021/05/12 13:41","k.susa","2021/12/02 20:41","k.susa"
"12","大嶌屋","869-0512","熊本県宇城市松橋町古保山2715-19","","","0964-53-9475","","30","30","翌月","振込","2021/05/12 13:41","k.susa","2021/12/02 20:41","k.susa"
"11","江崎グリコ","","","","","","","30","20","翌月","振込","2021/05/12 13:41","k.susa","2021/12/02 20:41","k.susa"
"10","えがお","862-0901","熊本県熊本市東区東町４－１０－１","","","096-241-9065","","30","30","翌月","振込","2021/05/12 13:41","k.susa","2021/12/02 20:41","k.susa"
"9","ヴェントゥーノ","810-0013","福岡県福岡市中央区大宮２－１－１","","","092-521-2290","092-521-0779","30","5","2ヶ月後","振込","2021/05/12 13:41","k.susa","2021/12/02 20:41","k.susa"
"8","ウェルヴィーナス","150-0043","東京都渋谷区道玄坂1-16-5","大下ビル8F","","03-5459-1941","03-5459-1942","30","30","翌月","振込","2021/05/12 13:41","k.susa","2021/12/02 20:41","k.susa"
"7","ヴァーナル","812-0011","福岡県福岡市博多区博多駅前4-6-15","","","092-412-3001","092-412-3114","30","30","2ヶ月後","振込","2021/05/12 13:41","k.susa","2021/12/02 20:41","k.susa"
"6","インペリアル・エンタープライズ","116-0014","東京都荒川区東日暮里5-7-18","コスモパークビル","","03-5810-8140","03-5810-8167","30","30","翌月","振込","2021/05/12 13:41","k.susa","2021/12/02 20:41","k.susa"
"5","イトク食品","722-0232","広島県尾道市木ノ庄町木門田４９１","","","0848-48-1650","","30","30","3ヶ月後","振込","2021/05/12 13:41","k.susa","2021/12/02 20:41","k.susa"
"4","安部商店","","岩手県遠野市早瀬町2-4-12","","","","","30","30","翌月","振込","2021/05/12 13:41","k.susa","2021/12/02 20:41","k.susa"
"3","アプロス","103-0016","東京都中央区銀座1-16-1","東貨ビル６階","","03-6740-4871","","30","30","翌月","振込","2021/05/12 13:41","k.susa","2021/12/02 20:41","k.susa"
"2","アドフットワークジャパン","812-0011","福岡県福岡市博多区博多駅前4-4-23","第三岡部ビル10F","","092-433-6567","","30","30","翌月","振込","2021/05/12 13:41","k.susa","2021/12/02 20:41","k.susa"
"1","アカシアの樹","738-0034","広島県廿日市市宮内２４９１－１","高松ビル２F","","0892-30-6100","","30","30","翌月","振込","2021/05/12 13:41","k.susa","2021/12/02 20:41","k.susa"
